<annotation>
  <folder/>
  <filename>1200-2880_controle.jpg</filename>
  <database/>
  <annotation/>
  <image/>
  <size>
    <height>240</height>
    <width>240</width>
    <depth>3</depth>
  </size>
  <segmented/>
  <object>
    <name>pool</name>
    <pose/>
    <truncated/>
    <difficult/>
    <bndbox>
      <xmin>112.36363636363637</xmin>
      <ymin>105.45454545454545</ymin>
      <xmax>215.63636363636363</xmax>
      <ymax>162.9090909090909</ymax>
    </bndbox>
  </object>
  <object>
    <name>pool</name>
    <pose/>
    <truncated/>
    <difficult/>
    <bndbox>
      <xmin>215.27272727272725</xmin>
      <ymin>47.63636363636363</ymin>
      <xmax>239</xmax>
      <ymax>108</ymax>
    </bndbox>
  </object>
</annotation>
