<annotation>
  <folder/>
  <filename>2160-2400_controle.jpg</filename>
  <database/>
  <annotation/>
  <image/>
  <size>
    <height>240</height>
    <width>240</width>
    <depth>3</depth>
  </size>
  <segmented/>
  <object>
    <name>pool</name>
    <pose/>
    <truncated/>
    <difficult/>
    <bndbox>
      <xmin>34.90909090909091</xmin>
      <ymin>225.8181818181818</ymin>
      <xmax>90</xmax>
      <ymax>239</ymax>
    </bndbox>
  </object>
  <object>
    <name>pool</name>
    <pose/>
    <truncated/>
    <difficult/>
    <bndbox>
      <xmin>114.54545454545453</xmin>
      <ymin>98.9090909090909</ymin>
      <xmax>224.36363636363637</xmax>
      <ymax>172.36363636363637</ymax>
    </bndbox>
  </object>
</annotation>
