<annotation>
  <folder/>
  <filename>2400-960_controle.jpg</filename>
  <database/>
  <annotation/>
  <image/>
  <size>
    <height>240</height>
    <width>240</width>
    <depth>3</depth>
  </size>
  <segmented/>
  <object>
    <name>pool</name>
    <pose/>
    <truncated/>
    <difficult/>
    <bndbox>
      <xmin>24.36363636363636</xmin>
      <ymin>208.36363636363637</ymin>
      <xmax>88.0</xmax>
      <ymax>234.1818181818182</ymax>
    </bndbox>
  </object>
  <object>
    <name>pool</name>
    <pose/>
    <truncated/>
    <difficult/>
    <bndbox>
      <xmin>204.0</xmin>
      <ymin>121.0909090909091</ymin>
      <xmax>239</xmax>
      <ymax>163</ymax>
    </bndbox>
  </object>
</annotation>
