<annotation>
  <folder/>
  <filename>3120-5040_alto.jpg</filename>
  <database/>
  <annotation/>
  <image/>
  <size>
    <height>240</height>
    <width>240</width>
    <depth>3</depth>
  </size>
  <segmented/>
  <object>
    <name>pool</name>
    <pose/>
    <truncated/>
    <difficult/>
    <bndbox>
      <xmin>53.09090909090909</xmin>
      <ymin>185.8181818181818</ymin>
      <xmax>91.63636363636363</xmax>
      <ymax>210.54545454545453</ymax>
    </bndbox>
  </object>
  <object>
    <name>pool</name>
    <pose/>
    <truncated/>
    <difficult/>
    <bndbox>
      <xmin>128.0</xmin>
      <ymin>187.63636363636363</ymin>
      <xmax>191.27272727272725</xmax>
      <ymax>219.63636363636363</ymax>
    </bndbox>
  </object>
</annotation>
