<annotation>
  <folder/>
  <filename>1200-1680_alto.jpg</filename>
  <database/>
  <annotation/>
  <image/>
  <size>
    <height>240</height>
    <width>240</width>
    <depth>3</depth>
  </size>
  <segmented/>
  <object>
    <name>watertank</name>
    <pose/>
    <truncated/>
    <difficult/>
    <bndbox>
      <xmin>95.27272727272728</xmin>
      <ymin>159.63636363636363</ymin>
      <xmax>114.54545454545453</xmax>
      <ymax>177.45454545454547</ymax>
    </bndbox>
  </object>
  <object>
    <name>watertank</name>
    <pose/>
    <truncated/>
    <difficult/>
    <bndbox>
      <xmin>117.81818181818181</xmin>
      <ymin>163.27272727272728</ymin>
      <xmax>135.63636363636363</xmax>
      <ymax>180.36363636363637</ymax>
    </bndbox>
  </object>
</annotation>
