<annotation>
  <folder/>
  <filename>1200-960_alto.jpg</filename>
  <database/>
  <annotation/>
  <image/>
  <size>
    <height>240</height>
    <width>240</width>
    <depth>3</depth>
  </size>
  <segmented/>
  <object>
    <name>watertank</name>
    <pose/>
    <truncated/>
    <difficult/>
    <bndbox>
      <xmin>149.0909090909091</xmin>
      <ymin>0.0</ymin>
      <xmax>166.54545454545453</xmax>
      <ymax>6.545454545454546</ymax>
    </bndbox>
  </object>
  <object>
    <name>watertank</name>
    <pose/>
    <truncated/>
    <difficult/>
    <bndbox>
      <xmin>185.09090909090907</xmin>
      <ymin>28.0</ymin>
      <xmax>200.72727272727275</xmax>
      <ymax>39.27272727272727</ymax>
    </bndbox>
  </object>
</annotation>
