<annotation>
  <folder/>
  <filename>1200-2880_alto.jpg</filename>
  <database/>
  <annotation/>
  <image/>
  <size>
    <height>240</height>
    <width>240</width>
    <depth>3</depth>
  </size>
  <segmented/>
  <object>
    <name>watertank</name>
    <pose/>
    <truncated/>
    <difficult/>
    <bndbox>
      <xmin>212.72727272727275</xmin>
      <ymin>0.36363636363636365</ymin>
      <xmax>229.45454545454544</xmax>
      <ymax>8.727272727272727</ymax>
    </bndbox>
  </object>
</annotation>
