<annotation>
  <folder/>
  <filename>1440-720_alto.jpg</filename>
  <database/>
  <annotation/>
  <image/>
  <size>
    <height>240</height>
    <width>240</width>
    <depth>3</depth>
  </size>
  <segmented/>
  <object>
    <name>watertank</name>
    <pose/>
    <truncated/>
    <difficult/>
    <bndbox>
      <xmin>31.272727272727266</xmin>
      <ymin>0.0</ymin>
      <xmax>48.36363636363636</xmax>
      <ymax>9.454545454545455</ymax>
    </bndbox>
  </object>
  <object>
    <name>watertank</name>
    <pose/>
    <truncated/>
    <difficult/>
    <bndbox>
      <xmin>110.18181818181819</xmin>
      <ymin>148.72727272727272</ymin>
      <xmax>133.45454545454547</xmax>
      <ymax>158.54545454545453</ymax>
    </bndbox>
  </object>
</annotation>
