<annotation>
  <folder/>
  <filename>1680-2880_alto.jpg</filename>
  <database/>
  <annotation/>
  <image/>
  <size>
    <height>240</height>
    <width>240</width>
    <depth>3</depth>
  </size>
  <segmented/>
  <object>
    <name>watertank</name>
    <pose/>
    <truncated/>
    <difficult/>
    <bndbox>
      <xmin>2.9090909090909065</xmin>
      <ymin>196.72727272727272</ymin>
      <xmax>18.909090909090907</xmax>
      <ymax>209.45454545454547</ymax>
    </bndbox>
  </object>
</annotation>
