<annotation>
  <folder/>
  <filename>1680-2640_alto.jpg</filename>
  <database/>
  <annotation/>
  <image/>
  <size>
    <height>240</height>
    <width>240</width>
    <depth>3</depth>
  </size>
  <segmented/>
  <object>
    <name>watertank</name>
    <pose/>
    <truncated/>
    <difficult/>
    <bndbox>
      <xmin>200.36363636363637</xmin>
      <ymin>132.72727272727272</ymin>
      <xmax>217.09090909090907</xmax>
      <ymax>143.27272727272728</ymax>
    </bndbox>
  </object>
  <object>
    <name>watertank</name>
    <pose/>
    <truncated/>
    <difficult/>
    <bndbox>
      <xmin>157.45454545454547</xmin>
      <ymin>49.45454545454545</ymin>
      <xmax>178.54545454545453</xmax>
      <ymax>63.63636363636363</ymax>
    </bndbox>
  </object>
</annotation>
