<annotation>
  <folder/>
  <filename>1680-2400_alto.jpg</filename>
  <database/>
  <annotation/>
  <image/>
  <size>
    <height>240</height>
    <width>240</width>
    <depth>3</depth>
  </size>
  <segmented/>
  <object>
    <name>watertank</name>
    <pose/>
    <truncated/>
    <difficult/>
    <bndbox>
      <xmin>82.54545454545453</xmin>
      <ymin>49.09090909090909</ymin>
      <xmax>98.9090909090909</xmax>
      <ymax>62.18181818181818</ymax>
    </bndbox>
  </object>
  <object>
    <name>watertank</name>
    <pose/>
    <truncated/>
    <difficult/>
    <bndbox>
      <xmin>2.9090909090909065</xmin>
      <ymin>100.72727272727273</ymin>
      <xmax>18.545454545454547</xmax>
      <ymax>114.18181818181819</ymax>
    </bndbox>
  </object>
</annotation>
