<annotation>
  <folder/>
  <filename>1680-1440_alto.jpg</filename>
  <database/>
  <annotation/>
  <image/>
  <size>
    <height>240</height>
    <width>240</width>
    <depth>3</depth>
  </size>
  <segmented/>
  <object>
    <name>watertank</name>
    <pose/>
    <truncated/>
    <difficult/>
    <bndbox>
      <xmin>77.81818181818181</xmin>
      <ymin>108.36363636363636</ymin>
      <xmax>90.54545454545453</xmax>
      <ymax>120.36363636363636</ymax>
    </bndbox>
  </object>
  <object>
    <name>watertank</name>
    <pose/>
    <truncated/>
    <difficult/>
    <bndbox>
      <xmin>91.27272727272728</xmin>
      <ymin>112.0</ymin>
      <xmax>103.63636363636363</xmax>
      <ymax>123.63636363636364</ymax>
    </bndbox>
  </object>
</annotation>
