<annotation>
  <folder/>
  <filename>1920-2880_alto.jpg</filename>
  <database/>
  <annotation/>
  <image/>
  <size>
    <height>240</height>
    <width>240</width>
    <depth>3</depth>
  </size>
  <segmented/>
  <object>
    <name>watertank</name>
    <pose/>
    <truncated/>
    <difficult/>
    <bndbox>
      <xmin>151.63636363636363</xmin>
      <ymin>133.45454545454547</ymin>
      <xmax>173.0909090909091</xmax>
      <ymax>145.8181818181818</ymax>
    </bndbox>
  </object>
  <object>
    <name>watertank</name>
    <pose/>
    <truncated/>
    <difficult/>
    <bndbox>
      <xmin>148.0</xmin>
      <ymin>26.181818181818183</ymin>
      <xmax>164.0</xmax>
      <ymax>39.27272727272727</ymax>
    </bndbox>
  </object>
  <object>
    <name>watertank</name>
    <pose/>
    <truncated/>
    <difficult/>
    <bndbox>
      <xmin>37.45454545454545</xmin>
      <ymin>191.63636363636363</ymin>
      <xmax>50.90909090909091</xmax>
      <ymax>200.72727272727272</ymax>
    </bndbox>
  </object>
</annotation>
