<annotation>
  <folder/>
  <filename>2160-4800_medio.jpg</filename>
  <database/>
  <annotation/>
  <image/>
  <size>
    <height>240</height>
    <width>240</width>
    <depth>3</depth>
  </size>
  <segmented/>
  <object>
    <name>watertank</name>
    <pose/>
    <truncated/>
    <difficult/>
    <bndbox>
      <xmin>61.81818181818181</xmin>
      <ymin>45.45454545454545</ymin>
      <xmax>73.0909090909091</xmax>
      <ymax>54.54545454545455</ymax>
    </bndbox>
  </object>
  <object>
    <name>watertank</name>
    <pose/>
    <truncated/>
    <difficult/>
    <bndbox>
      <xmin>53.45454545454545</xmin>
      <ymin>157.45454545454547</ymin>
      <xmax>63.27272727272728</xmax>
      <ymax>166.54545454545453</ymax>
    </bndbox>
  </object>
</annotation>
