<annotation>
  <folder/>
  <filename>2400-2640_alto.jpg</filename>
  <database/>
  <annotation/>
  <image/>
  <size>
    <height>240</height>
    <width>240</width>
    <depth>3</depth>
  </size>
  <segmented/>
  <object>
    <name>watertank</name>
    <pose/>
    <truncated/>
    <difficult/>
    <bndbox>
      <xmin>90.54545454545453</xmin>
      <ymin>66.9090909090909</ymin>
      <xmax>109.0909090909091</xmax>
      <ymax>78.9090909090909</ymax>
    </bndbox>
  </object>
  <object>
    <name>watertank</name>
    <pose/>
    <truncated/>
    <difficult/>
    <bndbox>
      <xmin>215.27272727272725</xmin>
      <ymin>100.72727272727273</ymin>
      <xmax>234.90909090909093</xmax>
      <ymax>114.18181818181819</ymax>
    </bndbox>
  </object>
</annotation>
