<annotation>
  <folder/>
  <filename>2400-2160_alto.jpg</filename>
  <database/>
  <annotation/>
  <image/>
  <size>
    <height>240</height>
    <width>240</width>
    <depth>3</depth>
  </size>
  <segmented/>
  <object>
    <name>watertank</name>
    <pose/>
    <truncated/>
    <difficult/>
    <bndbox>
      <xmin>205.45454545454544</xmin>
      <ymin>110.54545454545455</ymin>
      <xmax>222.90909090909093</xmax>
      <ymax>124.72727272727273</ymax>
    </bndbox>
  </object>
  <object>
    <name>watertank</name>
    <pose/>
    <truncated/>
    <difficult/>
    <bndbox>
      <xmin>197.09090909090907</xmin>
      <ymin>148.0</ymin>
      <xmax>217.09090909090907</xmax>
      <ymax>164.0</ymax>
    </bndbox>
  </object>
</annotation>
