<annotation>
  <folder/>
  <filename>2400-3840_medio.jpg</filename>
  <database/>
  <annotation/>
  <image/>
  <size>
    <height>240</height>
    <width>240</width>
    <depth>3</depth>
  </size>
  <segmented/>
  <object>
    <name>watertank</name>
    <pose/>
    <truncated/>
    <difficult/>
    <bndbox>
      <xmin>170.54545454545453</xmin>
      <ymin>126.18181818181819</ymin>
      <xmax>184.36363636363637</xmax>
      <ymax>137.8181818181818</ymax>
    </bndbox>
  </object>
</annotation>
