<annotation>
  <folder/>
  <filename>2400-4080_alto.jpg</filename>
  <database/>
  <annotation/>
  <image/>
  <size>
    <height>240</height>
    <width>240</width>
    <depth>3</depth>
  </size>
  <segmented/>
  <object>
    <name>watertank</name>
    <pose/>
    <truncated/>
    <difficult/>
    <bndbox>
      <xmin>140.72727272727272</xmin>
      <ymin>198.9090909090909</ymin>
      <xmax>154.1818181818182</xmax>
      <ymax>208.72727272727272</ymax>
    </bndbox>
  </object>
  <object>
    <name>watertank</name>
    <pose/>
    <truncated/>
    <difficult/>
    <bndbox>
      <xmin>152.36363636363637</xmin>
      <ymin>192.36363636363637</ymin>
      <xmax>165.45454545454547</xmax>
      <ymax>202.9090909090909</ymax>
    </bndbox>
  </object>
  <object>
    <name>watertank</name>
    <pose/>
    <truncated/>
    <difficult/>
    <bndbox>
      <xmin>224.36363636363637</xmin>
      <ymin>64.72727272727273</ymin>
      <xmax>237.8181818181818</xmax>
      <ymax>74.9090909090909</ymax>
    </bndbox>
  </object>
  <object>
    <name>watertank</name>
    <pose/>
    <truncated/>
    <difficult/>
    <bndbox>
      <xmin>229.8181818181818</xmin>
      <ymin>50.18181818181818</ymin>
      <xmax>239</xmax>
      <ymax>61</ymax>
    </bndbox>
  </object>
</annotation>
