<annotation>
  <folder/>
  <filename>2640-3600_alto.jpg</filename>
  <database/>
  <annotation/>
  <image/>
  <size>
    <height>240</height>
    <width>240</width>
    <depth>3</depth>
  </size>
  <segmented/>
  <object>
    <name>watertank</name>
    <pose/>
    <truncated/>
    <difficult/>
    <bndbox>
      <xmin>122.54545454545453</xmin>
      <ymin>199.27272727272728</ymin>
      <xmax>139.63636363636363</xmax>
      <ymax>212.36363636363637</ymax>
    </bndbox>
  </object>
</annotation>
