<annotation>
  <folder/>
  <filename>2640-3360_alto.jpg</filename>
  <database/>
  <annotation/>
  <image/>
  <size>
    <height>240</height>
    <width>240</width>
    <depth>3</depth>
  </size>
  <segmented/>
  <object>
    <name>watertank</name>
    <pose/>
    <truncated/>
    <difficult/>
    <bndbox>
      <xmin>0.36363636363635976</xmin>
      <ymin>142.54545454545453</ymin>
      <xmax>11.272727272727266</xmax>
      <ymax>153.8181818181818</ymax>
    </bndbox>
  </object>
</annotation>
