<annotation>
  <folder/>
  <filename>2640-2160_alto.jpg</filename>
  <database/>
  <annotation/>
  <image/>
  <size>
    <height>240</height>
    <width>240</width>
    <depth>3</depth>
  </size>
  <segmented/>
  <object>
    <name>watertank</name>
    <pose/>
    <truncated/>
    <difficult/>
    <bndbox>
      <xmin>122.9090909090909</xmin>
      <ymin>55.27272727272727</ymin>
      <xmax>138.54545454545453</xmax>
      <ymax>66.18181818181819</ymax>
    </bndbox>
  </object>
  <object>
    <name>watertank</name>
    <pose/>
    <truncated/>
    <difficult/>
    <bndbox>
      <xmin>31.63636363636364</xmin>
      <ymin>32.72727272727273</ymin>
      <xmax>44.0</xmax>
      <ymax>44.0</ymax>
    </bndbox>
  </object>
</annotation>
