<annotation>
  <folder/>
  <filename>2640-2880_alto.jpg</filename>
  <database/>
  <annotation/>
  <image/>
  <size>
    <height>240</height>
    <width>240</width>
    <depth>3</depth>
  </size>
  <segmented/>
  <object>
    <name>watertank</name>
    <pose/>
    <truncated/>
    <difficult/>
    <bndbox>
      <xmin>195.27272727272725</xmin>
      <ymin>117.81818181818181</ymin>
      <xmax>210.54545454545456</xmax>
      <ymax>129.45454545454547</ymax>
    </bndbox>
  </object>
  <object>
    <name>watertank</name>
    <pose/>
    <truncated/>
    <difficult/>
    <bndbox>
      <xmin>212.72727272727275</xmin>
      <ymin>118.54545454545455</ymin>
      <xmax>228.0</xmax>
      <ymax>130.54545454545453</ymax>
    </bndbox>
  </object>
</annotation>
