<annotation>
  <folder/>
  <filename>2640-3120_alto.jpg</filename>
  <database/>
  <annotation/>
  <image/>
  <size>
    <height>240</height>
    <width>240</width>
    <depth>3</depth>
  </size>
  <segmented/>
  <object>
    <name>watertank</name>
    <pose/>
    <truncated/>
    <difficult/>
    <bndbox>
      <xmin>37.09090909090909</xmin>
      <ymin>37.81818181818182</ymin>
      <xmax>56.363636363636374</xmax>
      <ymax>52.0</ymax>
    </bndbox>
  </object>
  <object>
    <name>watertank</name>
    <pose/>
    <truncated/>
    <difficult/>
    <bndbox>
      <xmin>110.9090909090909</xmin>
      <ymin>230.1818181818182</ymin>
      <xmax>130</xmax>
      <ymax>239</ymax>
    </bndbox>
  </object>
</annotation>
