<annotation>
  <folder/>
  <filename>2880-1920_alto.jpg</filename>
  <database/>
  <annotation/>
  <image/>
  <size>
    <height>240</height>
    <width>240</width>
    <depth>3</depth>
  </size>
  <segmented/>
  <object>
    <name>watertank</name>
    <pose/>
    <truncated/>
    <difficult/>
    <bndbox>
      <xmin>164.72727272727272</xmin>
      <ymin>170.1818181818182</ymin>
      <xmax>178.54545454545453</xmax>
      <ymax>178.54545454545453</ymax>
    </bndbox>
  </object>
  <object>
    <name>watertank</name>
    <pose/>
    <truncated/>
    <difficult/>
    <bndbox>
      <xmin>169.8181818181818</xmin>
      <ymin>176.72727272727272</ymin>
      <xmax>182.54545454545453</xmax>
      <ymax>185.8181818181818</ymax>
    </bndbox>
  </object>
</annotation>
