<annotation>
  <folder/>
  <filename>2880-1440_controle.jpg</filename>
  <database/>
  <annotation/>
  <image/>
  <size>
    <height>240</height>
    <width>240</width>
    <depth>3</depth>
  </size>
  <segmented/>
  <object>
    <name>watertank</name>
    <pose/>
    <truncated/>
    <difficult/>
    <bndbox>
      <xmin>153.0909090909091</xmin>
      <ymin>153.8181818181818</ymin>
      <xmax>170.9090909090909</xmax>
      <ymax>169.45454545454547</ymax>
    </bndbox>
  </object>
</annotation>
