<annotation>
  <folder/>
  <filename>2880-720_alto.jpg</filename>
  <database/>
  <annotation/>
  <image/>
  <size>
    <height>240</height>
    <width>240</width>
    <depth>3</depth>
  </size>
  <segmented/>
  <object>
    <name>watertank</name>
    <pose/>
    <truncated/>
    <difficult/>
    <bndbox>
      <xmin>212.36363636363637</xmin>
      <ymin>206.9090909090909</ymin>
      <xmax>227.27272727272725</xmax>
      <ymax>218.9090909090909</ymax>
    </bndbox>
  </object>
  <object>
    <name>watertank</name>
    <pose/>
    <truncated/>
    <difficult/>
    <bndbox>
      <xmin>68.0</xmin>
      <ymin>154.54545454545453</ymin>
      <xmax>86.54545454545453</xmax>
      <ymax>166.9090909090909</ymax>
    </bndbox>
  </object>
  <object>
    <name>watertank</name>
    <pose/>
    <truncated/>
    <difficult/>
    <bndbox>
      <xmin>174.1818181818182</xmin>
      <ymin>66.18181818181819</ymin>
      <xmax>192.72727272727275</xmax>
      <ymax>81.81818181818181</ymax>
    </bndbox>
  </object>
</annotation>
