<annotation>
  <folder/>
  <filename>3120-1440_alto.jpg</filename>
  <database/>
  <annotation/>
  <image/>
  <size>
    <height>240</height>
    <width>240</width>
    <depth>3</depth>
  </size>
  <segmented/>
  <object>
    <name>watertank</name>
    <pose/>
    <truncated/>
    <difficult/>
    <bndbox>
      <xmin>168.72727272727272</xmin>
      <ymin>130.1818181818182</ymin>
      <xmax>185.45454545454544</xmax>
      <ymax>145.45454545454547</ymax>
    </bndbox>
  </object>
  <object>
    <name>watertank</name>
    <pose/>
    <truncated/>
    <difficult/>
    <bndbox>
      <xmin>37.81818181818181</xmin>
      <ymin>148.36363636363637</ymin>
      <xmax>54.18181818181819</xmax>
      <ymax>162.54545454545453</ymax>
    </bndbox>
  </object>
</annotation>
