<annotation>
  <folder/>
  <filename>3120-2640_medio.jpg</filename>
  <database/>
  <annotation/>
  <image/>
  <size>
    <height>240</height>
    <width>240</width>
    <depth>3</depth>
  </size>
  <segmented/>
  <object>
    <name>watertank</name>
    <pose/>
    <truncated/>
    <difficult/>
    <bndbox>
      <xmin>14.909090909090907</xmin>
      <ymin>1.4545454545454546</ymin>
      <xmax>28.36363636363636</xmax>
      <ymax>12.363636363636363</ymax>
    </bndbox>
  </object>
  <object>
    <name>watertank</name>
    <pose/>
    <truncated/>
    <difficult/>
    <bndbox>
      <xmin>13.818181818181813</xmin>
      <ymin>29.818181818181817</ymin>
      <xmax>26.181818181818187</xmax>
      <ymax>39.27272727272727</ymax>
    </bndbox>
  </object>
</annotation>
