<annotation>
  <folder/>
  <filename>3360-1920_alto.jpg</filename>
  <database/>
  <annotation/>
  <image/>
  <size>
    <height>240</height>
    <width>240</width>
    <depth>3</depth>
  </size>
  <segmented/>
  <object>
    <name>watertank</name>
    <pose/>
    <truncated/>
    <difficult/>
    <bndbox>
      <xmin>125.0909090909091</xmin>
      <ymin>134.54545454545453</ymin>
      <xmax>143.27272727272728</xmax>
      <ymax>148.0</ymax>
    </bndbox>
  </object>
  <object>
    <name>watertank</name>
    <pose/>
    <truncated/>
    <difficult/>
    <bndbox>
      <xmin>157.8181818181818</xmin>
      <ymin>98.54545454545455</ymin>
      <xmax>176.36363636363637</xmax>
      <ymax>112.0</ymax>
    </bndbox>
  </object>
</annotation>
