<annotation>
  <folder/>
  <filename>3360-960_alto.jpg</filename>
  <database/>
  <annotation/>
  <image/>
  <size>
    <height>240</height>
    <width>240</width>
    <depth>3</depth>
  </size>
  <segmented/>
  <object>
    <name>watertank</name>
    <pose/>
    <truncated/>
    <difficult/>
    <bndbox>
      <xmin>48.0</xmin>
      <ymin>94.9090909090909</ymin>
      <xmax>65.45454545454547</xmax>
      <ymax>108.72727272727273</ymax>
    </bndbox>
  </object>
  <object>
    <name>watertank</name>
    <pose/>
    <truncated/>
    <difficult/>
    <bndbox>
      <xmin>138.1818181818182</xmin>
      <ymin>146.1818181818182</ymin>
      <xmax>154.9090909090909</xmax>
      <ymax>162.1818181818182</ymax>
    </bndbox>
  </object>
</annotation>
