<annotation>
  <folder/>
  <filename>3360-480_alto.jpg</filename>
  <database/>
  <annotation/>
  <image/>
  <size>
    <height>240</height>
    <width>240</width>
    <depth>3</depth>
  </size>
  <segmented/>
  <object>
    <name>watertank</name>
    <pose/>
    <truncated/>
    <difficult/>
    <bndbox>
      <xmin>3.2727272727272663</xmin>
      <ymin>120.36363636363636</ymin>
      <xmax>18.181818181818187</xmax>
      <ymax>132.0</ymax>
    </bndbox>
  </object>
  <object>
    <name>watertank</name>
    <pose/>
    <truncated/>
    <difficult/>
    <bndbox>
      <xmin>222.90909090909093</xmin>
      <ymin>167.63636363636363</ymin>
      <xmax>238.90909090909093</xmax>
      <ymax>180.0</ymax>
    </bndbox>
  </object>
</annotation>
