<annotation>
  <folder/>
  <filename>480-1440_medio.jpg</filename>
  <database/>
  <annotation/>
  <image/>
  <size>
    <height>240</height>
    <width>240</width>
    <depth>3</depth>
  </size>
  <segmented/>
  <object>
    <name>watertank</name>
    <pose/>
    <truncated/>
    <difficult/>
    <bndbox>
      <xmin>154.9090909090909</xmin>
      <ymin>218.1818181818182</ymin>
      <xmax>171.63636363636363</xmax>
      <ymax>231.63636363636363</ymax>
    </bndbox>
  </object>
  <object>
    <name>watertank</name>
    <pose/>
    <truncated/>
    <difficult/>
    <bndbox>
      <xmin>197.45454545454544</xmin>
      <ymin>167.63636363636363</ymin>
      <xmax>208.72727272727275</xmax>
      <ymax>177.0909090909091</ymax>
    </bndbox>
  </object>
</annotation>
