<annotation>
  <folder/>
  <filename>720-3360_controle.jpg</filename>
  <database/>
  <annotation/>
  <image/>
  <size>
    <height>240</height>
    <width>240</width>
    <depth>3</depth>
  </size>
  <segmented/>
  <object>
    <name>watertank</name>
    <pose/>
    <truncated/>
    <difficult/>
    <bndbox>
      <xmin>108.36363636363637</xmin>
      <ymin>15.272727272727273</ymin>
      <xmax>137.45454545454547</xmax>
      <ymax>37.09090909090909</ymax>
    </bndbox>
  </object>
  <object>
    <name>watertank</name>
    <pose/>
    <truncated/>
    <difficult/>
    <bndbox>
      <xmin>137.8181818181818</xmin>
      <ymin>11.272727272727273</ymin>
      <xmax>171.27272727272728</xmax>
      <ymax>32.72727272727273</ymax>
    </bndbox>
  </object>
  <object>
    <name>watertank</name>
    <pose/>
    <truncated/>
    <difficult/>
    <bndbox>
      <xmin>171.63636363636363</xmin>
      <ymin>6.909090909090909</ymin>
      <xmax>202.90909090909093</xmax>
      <ymax>29.454545454545453</ymax>
    </bndbox>
  </object>
</annotation>
