<annotation>
  <folder/>
  <filename>720-3360_alto.jpg</filename>
  <database/>
  <annotation/>
  <image/>
  <size>
    <height>240</height>
    <width>240</width>
    <depth>3</depth>
  </size>
  <segmented/>
  <object>
    <name>watertank</name>
    <pose/>
    <truncated/>
    <difficult/>
    <bndbox>
      <xmin>60.72727272727272</xmin>
      <ymin>182.54545454545453</ymin>
      <xmax>76.0</xmax>
      <ymax>195.27272727272728</ymax>
    </bndbox>
  </object>
  <object>
    <name>watertank</name>
    <pose/>
    <truncated/>
    <difficult/>
    <bndbox>
      <xmin>137.8181818181818</xmin>
      <ymin>45.81818181818182</ymin>
      <xmax>153.0909090909091</xmax>
      <ymax>57.09090909090909</ymax>
    </bndbox>
  </object>
</annotation>
