<annotation>
  <folder/>
  <filename>720-2160_alto.jpg</filename>
  <database/>
  <annotation/>
  <image/>
  <size>
    <height>240</height>
    <width>240</width>
    <depth>3</depth>
  </size>
  <segmented/>
  <object>
    <name>watertank</name>
    <pose/>
    <truncated/>
    <difficult/>
    <bndbox>
      <xmin>208.72727272727275</xmin>
      <ymin>86.9090909090909</ymin>
      <xmax>222.54545454545456</xmax>
      <ymax>96.36363636363636</ymax>
    </bndbox>
  </object>
  <object>
    <name>watertank</name>
    <pose/>
    <truncated/>
    <difficult/>
    <bndbox>
      <xmin>214.1818181818182</xmin>
      <ymin>78.54545454545455</ymin>
      <xmax>228.0</xmax>
      <ymax>88.72727272727273</ymax>
    </bndbox>
  </object>
  <object>
    <name>watertank</name>
    <pose/>
    <truncated/>
    <difficult/>
    <bndbox>
      <xmin>219.63636363636363</xmin>
      <ymin>68.72727272727273</ymin>
      <xmax>232.0</xmax>
      <ymax>80.0</ymax>
    </bndbox>
  </object>
  <object>
    <name>watertank</name>
    <pose/>
    <truncated/>
    <difficult/>
    <bndbox>
      <xmin>24.0</xmin>
      <ymin>220.36363636363637</ymin>
      <xmax>39.272727272727266</xmax>
      <ymax>231.63636363636363</ymax>
    </bndbox>
  </object>
</annotation>
