<annotation>
  <folder/>
  <filename>720-3120_controle.jpg</filename>
  <database/>
  <annotation/>
  <image/>
  <size>
    <height>240</height>
    <width>240</width>
    <depth>3</depth>
  </size>
  <segmented/>
  <object>
    <name>watertank</name>
    <pose/>
    <truncated/>
    <difficult/>
    <bndbox>
      <xmin>172.0</xmin>
      <ymin>216.36363636363637</ymin>
      <xmax>205.09090909090907</xmax>
      <ymax>238.54545454545453</ymax>
    </bndbox>
  </object>
  <object>
    <name>watertank</name>
    <pose/>
    <truncated/>
    <difficult/>
    <bndbox>
      <xmin>105.0909090909091</xmin>
      <ymin>222.9090909090909</ymin>
      <xmax>132</xmax>
      <ymax>239</ymax>
    </bndbox>
  </object>
  <object>
    <name>watertank</name>
    <pose/>
    <truncated/>
    <difficult/>
    <bndbox>
      <xmin>132.36363636363637</xmin>
      <ymin>218.54545454545453</ymin>
      <xmax>160.0</xmax>
      <ymax>238.54545454545453</ymax>
    </bndbox>
  </object>
</annotation>
