<annotation>
  <folder/>
  <filename>960-2640_controle.jpg</filename>
  <database/>
  <annotation/>
  <image/>
  <size>
    <height>240</height>
    <width>240</width>
    <depth>3</depth>
  </size>
  <segmented/>
  <object>
    <name>watertank</name>
    <pose/>
    <truncated/>
    <difficult/>
    <bndbox>
      <xmin>145.45454545454547</xmin>
      <ymin>94.9090909090909</ymin>
      <xmax>164.36363636363637</xmax>
      <ymax>111.27272727272727</ymax>
    </bndbox>
  </object>
</annotation>
